证券代码,0
000001,8
000002,8
000004,1
000006,8
000007,1
000008,7
000009,9
000010,7
000011,8
000012,9
000014,3
000016,8
000017,1
000019,9
000020,1
000021,9
000025,3
000026,3
000027,9
000028,7
000029,3
000030,8
000031,8
000032,8
000034,8
000035,0
000036,8
000037,9
000039,8
000040,8
000042,8
000045,9
000048,9
000049,7
000050,9
000055,8
000056,8
000058,3
000059,9
000060,9
000061,8
000062,7
000063,8
000065,8
000066,7
000068,8
000069,8
000070,7
000078,7
000088,9
000089,9
000090,8
000096,2
000099,3
000100,9
000151,2
000153,7
000155,9
000156,9
000157,8
000158,7
000159,7
000166,8
000301,9
000333,8
000338,8
000400,7
000401,9
000402,8
000403,3
000404,8
000407,9
000408,3
000409,2
000410,1
000411,7
000415,9
000417,8
000419,8
000420,9
000421,8
000422,9
000423,2
000425,7
000426,0
000428,9
000429,9
000430,9
000488,9
000498,8
000501,9
000503,1
000504,1
000505,9
000506,0
000507,9
000509,1
000510,9
000513,2
000514,8
000516,9
000517,8
000518,1
000519,2
000520,1
000521,8
000523,2
000524,2
000525,9
000526,3
000528,8
000529,8
000530,7
000531,9
000532,3
000533,7
000534,9
000536,9
000537,9
000538,2
000539,9
000541,8
000543,9
000544,0
000545,9
000546,0
000547,7
000548,2
000550,2
000551,8
000552,9
000553,8
000554,3
000555,8
000557,2
000558,9
000559,8
000560,8
000561,7
000563,8
000564,9
000565,3
000566,9
000567,9
000568,2
000570,7
000571,9
000572,2
000573,8
000576,3
000581,3
000582,9
000584,8
000586,7
000589,9
000590,9
000591,9
000592,8
000593,9
000595,1
000596,2
000597,8
000598,0
000599,9
000600,9
000601,9
000603,9
000605,9
000607,8
000608,8
000609,8
000610,9
000612,3
000615,9
000617,8
000619,9
000620,9
000622,7
000623,8
000625,2
000626,8
000628,8
000629,3
000630,9
000631,2
000632,8
000633,1
000635,9
000636,3
000637,9
000638,1
000639,0
000650,3
000651,8
000652,8
000655,2
000656,8
000657,7
000659,9
000661,3
000663,3
000665,9
000668,8
000669,9
000670,7
000672,9
000676,2
000677,3
000678,9
000679,8
000680,7
000681,3
000682,2
000683,9
000685,8
000686,8
000688,0
000690,9
000691,7
000695,0
000697,9
000698,9
000700,9
000701,8
000702,9
000703,9
000705,7
000707,9
000708,9
000709,9
000710,7
000711,7
000712,8
000713,3
000715,3
000716,9
000717,9
000718,8
000719,8
000720,7
000721,1
000722,3
000723,9
000725,9
000726,9
000727,8
000728,8
000729,3
000731,3
000733,7
000735,9
000736,8
000737,9
000738,7
000739,3
000750,2
000751,8
000752,2
000753,8
000755,0
000756,9
000757,2
000758,8
000759,9
000761,9
000762,0
000766,1
000767,9
000768,7
000776,8
000777,7
000778,9
000779,7
000782,7
000783,8
000785,8
000786,3
000788,7
000789,9
000790,7
000791,9
000792,3
000793,9
000795,3
000796,2
000797,8
000798,9
000799,2
000800,8
000801,7
000802,3
000803,0
000807,3
000809,8
000810,2
000811,8
000812,9
000813,2
000815,9
000816,3
000818,9
000819,3
000820,7
000821,8
000822,3
000823,9
000825,9
000826,0
000828,8
000829,8
000830,9
000831,1
000833,0
000837,9
000838,8
000839,7
000848,2
000850,9
000851,8
000852,7
000856,7
000858,2
000859,9
000860,2
000862,9
000863,8
000868,7
000869,3
000875,9
000876,9
000877,9
000878,9
000880,8
000881,7
000882,8
000883,9
000885,0
000886,3
000887,9
000888,2
000889,7
000890,7
000892,2
000893,0
000895,3
000897,2
000898,9
000899,9
000900,0
000901,7
000902,9
000903,9
000905,9
000906,8
000909,9
000910,8
000911,9
000912,9
000913,2
000915,2
000917,8
000919,3
000920,2
000921,8
000922,7
000923,8
000925,8
000926,8
000927,7
000928,8
000929,3
000930,9
000931,7
000932,8
000933,9
000935,3
000936,9
000937,9
000938,8
000948,7
000949,9
000950,7
000951,7
000952,9
000953,1
000955,3
000957,7
000958,9
000959,9
000960,9
000962,3
000963,3
000965,8
000966,9
000967,0
000968,9
000969,3
000970,7
000972,8
000973,9
000975,0
000977,7
000978,6
000980,0
000981,9
000983,9
000985,2
000987,8
000988,7
000989,3
000990,8
000993,9
000997,3
000998,8
000999,3
001201,9
001202,9
001203,0
001205,9
001206,3
001207,3
001208,7
001209,3
001210,3
001211,9
001212,9
001213,3
001215,3
001216,3
001217,3
001218,3
001219,3
001222,2
001223,2
001225,2
001226,7
001227,8
001228,7
001229,2
001230,0
001231,3
001234,3
001236,6
001238,3
001239,7
001255,7
001256,3
001258,9
001259,2
001260,3
001266,2
001267,7
001268,7
001269,9
001270,7
001277,2
001278,8
001282,3
001283,9
001286,9
001287,7
001288,7
001289,9
001296,3
001298,7
001299,3
001300,3
001301,3
001306,3
001308,8
001309,3
001311,3
001313,7
001314,3
001316,2
001317,7
001318,2
001319,3
001322,9
001323,3
001324,3
001326,2
001328,3
001330,8
001331,2
001332,2
001333,7
001336,7
001337,1
001338,3
001339,3
001358,2
001359,3
001360,7
001366,3
001367,2
001368,3
001373,7
001376,9
001378,3
001379,2
001380,7
001387,3
001389,3
001696,7
001872,9
001896,9
001914,7
001965,0
001979,8
002001,9
002003,3
002004,9
002005,7
002006,7
002007,3
002008,7
002009,9
002010,8
002011,3
002012,2
002014,3
002015,9
002016,3
002017,2
002019,3
002020,3
002021,3
002022,8
002023,9
002024,8
002025,7
002026,3
002027,1
002028,7
002029,8
002030,3
002031,9
002032,1
002033,3
002034,0
002035,3
002036,9
002037,7
002038,3
002039,9
002040,9
002041,3
002042,9
002043,2
002044,7
002045,7
002046,7
002048,8
002049,1
002050,7
002051,8
002053,9
002054,9
002055,7
002056,3
002057,7
002058,1
002059,3
002060,8
002061,8
002062,8
002063,7
002064,3
002065,7
002066,7
002067,9
002068,9
002069,9
002072,1
002073,8
002074,8
002075,9
002076,1
002077,3
002078,9
002079,7
002080,9
002081,7
002082,9
002083,9
002084,8
002085,7
002086,9
002088,7
002090,7
002091,8
002092,9
002093,3
002094,8
002095,2
002096,3
002097,7
002098,3
002099,9
002100,9
002101,7
002102,8
002103,7
002104,2
002105,9
002106,2
002107,2
002108,9
002109,9
002110,9
002111,7
002112,7
002114,0
002115,7
002116,2
002117,3
002119,7
002120,9
002121,9
002122,3
002123,7
002124,9
002125,9
002126,7
002127,3
002128,9
002129,9
002130,3
002131,7
002132,9
002133,8
002134,9
002135,8
002136,3
002137,3
002138,9
002139,3
002140,8
002141,3
002142,8
002144,3
002145,2
002146,8
002148,3
002149,7
002150,7
002151,3
002152,3
002153,3
002154,3
002155,3
002156,9
002157,9
002158,3
002159,3
002160,9
002161,0
002162,9
002163,8
002164,3
002165,9
002166,9
002167,9
002169,9
002170,9
002171,9
002172,9
002173,9
002174,3
002175,1
002176,3
002177,3
002178,7
002179,7
002180,8
002181,3
002182,9
002183,7
002184,7
002185,9
002186,3
002187,8
002188,1
002189,7
002190,3
002191,3
002192,3
002193,9
002194,2
002195,3
002196,7
002197,9
002198,1
002199,1
002200,8
002201,9
002202,8
002203,9
002204,7
002205,8
002206,9
002207,1
002208,8
002209,8
002210,0
002211,1
002212,8
002213,1
002214,7
002215,9
002216,3
002218,9
002219,9
002221,9
002222,1
002223,2
002224,2
002225,7
002226,9
002227,3
002228,7
002229,3
002230,7
002231,1
002232,1
002233,3
002234,9
002235,3
002236,7
002237,9
002238,3
002239,7
002240,9
002241,9
002242,2
002243,8
002244,8
002245,9
002246,2
002247,3
002248,1
002249,7
002250,9
002251,8
002252,3
002253,3
002254,9
002255,8
002256,9
002258,9
002259,9
002261,1
002262,3
002263,2
002264,7
002265,7
002266,8
002267,9
002268,2
002269,8
002270,1
002271,7
002272,7
002273,3
002274,3
002275,3
002276,7
002277,9
002278,7
002279,7
002281,3
002282,3
002283,9
002284,2
002285,2
002286,9
002287,3
002289,6
002290,7
002291,8
002292,3
002293,3
002294,1
002295,7
002296,3
002297,9
002298,8
002299,9
002300,9
002301,7
002302,7
002303,9
002304,2
002305,8
002306,1
002307,0
002311,3
002312,9
002313,7
002314,8
002315,3
002316,7
002317,3
002318,3
002319,1
002320,3
002321,9
002322,3
002323,1
002324,7
002326,9
002327,3
002328,3
002329,9
002330,9
002331,7
002332,3
002333,7
002334,7
002335,7
002337,2
002338,1
002339,7
002340,9
002342,9
002343,3
002344,8
002345,3
002346,8
002347,7
002348,1
002349,2
002350,3
002351,3
002352,9
002353,7
002354,3
002355,3
002356,1
002357,9
002358,7
002360,8
002361,7
002362,3
002363,3
002364,7
002365,3
002366,9
002367,8
002368,7
002369,9
002370,2
002371,1
002372,1
002373,7
002374,7
002375,8
002376,9
002377,7
002378,9
002379,3
002380,7
002381,9
002382,9
002383,7
002384,9
002385,9
002386,9
002387,9
002388,7
002389,3
002390,7
002391,9
002392,7
002393,3
002394,9
002395,9
002396,8
002397,9
002398,7
002399,9
002400,7
002401,2
002402,7
002403,9
002404,3
002405,2
002406,3
002407,9
002408,9
002409,3
002410,3
002412,3
002413,7
002414,1
002415,7
002416,8
002418,7
002419,8
002420,7
002421,8
002422,3
002423,8
002424,7
002425,8
002426,9
002427,9
002428,6
002429,9
002430,9
002431,8
002432,3
002434,9
002436,9
002437,3
002438,7
002439,7
002440,3
002441,7
002442,9
002443,3
002444,3
002445,3
002446,3
002448,9
002449,7
002451,7
002452,3
002453,3
002454,8
002455,9
002456,7
002457,7
002458,9
002459,9
002460,0
002461,3
002462,7
002463,1
002465,7
002466,9
002467,2
002468,9
002469,3
002470,9
002471,7
002472,3
002474,3
002475,7
002476,2
002478,3
002479,9
002480,9
002481,9
002482,9
002483,8
002484,3
002485,8
002486,2
002487,3
002488,9
002489,3
002490,9
002491,7
002492,9
002493,9
002494,9
002495,3
002496,3
002497,3
002498,7
002500,8
002501,9
002506,8
002507,3
002508,3
002510,8
002511,9
002512,8
002513,5
002514,9
002515,2
002516,3
002517,2
002518,3
002519,3
002520,9
002521,3
002522,9
002523,7
002524,9
002526,7
002527,7
002528,7
002529,9
002530,3
002531,9
002532,9
002533,7
002534,8
002535,9
002536,3
002537,8
002538,3
002539,9
002540,7
002541,9
002542,7
002543,2
002544,7
002545,0
002546,3
002547,9
002548,9
002549,9
002550,3
002551,8
002552,9
002553,2
002554,8
002555,3
002556,8
002557,2
002558,3
002559,8
002560,7
002561,2
002562,9
002563,2
002564,8
002565,3
002566,9
002567,9
002568,3
002569,1
002570,9
002571,9
002572,9
002573,0
002574,8
002575,1
002576,7
002577,3
002578,7
002579,9
002580,7
002581,3
002582,9
002583,7
002584,7
002585,9
002586,8
002587,7
002588,3
002589,8
002590,7
002591,3
002592,3
002593,9
002594,8
002595,3
002596,7
002597,9
002598,7
002599,3
002600,7
002601,9
002602,3
002603,3
002605,3
002606,7
002607,9
002608,9
002609,3
002611,3
002612,8
002613,3
002614,8
002615,3
002616,9
002617,9
002620,8
002622,8
002623,9
002624,2
002625,1
002626,3
002627,9
002628,8
002629,1
002630,8
002631,8
002632,3
002633,7
002634,9
002635,3
002636,3
002637,9
002638,3
002639,7
002640,8
002641,3
002642,7
002643,9
002644,3
002645,8
002646,3
002647,8
002648,9
002649,7
002650,9
002651,2
002652,1
002653,1
002654,7
002655,7
002656,2
002657,3
002658,3
002659,9
002660,7
002661,9
002662,9
002663,8
002664,7
002666,9
002667,9
002668,7
002669,7
002670,8
002671,7
002672,9
002673,8
002674,9
002675,3
002676,7
002677,2
002678,6
002679,9
002681,3
002682,9
002683,7
002685,8
002686,3
002687,3
002688,9
002689,3
002690,2
002691,3
002692,7
002693,1
002694,3
002695,2
002696,9
002697,3
002698,3
002700,2
002701,9
002702,9
002703,7
002705,3
002706,3
002707,2
002708,7
002709,9
002712,7
002714,9
002715,9
002716,0
002717,8
002718,3
002719,9
002721,2
002722,3
002723,8
002724,3
002725,3
002726,9
002727,8
002728,9
002729,1
002730,7
002731,8
002732,3
002733,7
002734,9
002735,7
002736,8
002737,3
002738,3
002739,8
002741,9
002742,9
002743,8
002745,8
002746,9
002747,7
002748,9
002749,3
002750,2
002752,9
002753,9
002755,2
002756,2
002757,3
002758,8
002759,9
002760,3
002761,8
002762,3
002763,2
002765,9
002766,1
002767,7
002768,8
002769,8
002771,1
002772,9
002773,2
002774,3
002775,8
002777,3
002778,7
002779,1
002780,9
002782,7
002783,9
002785,7
002786,9
002787,9
002788,7
002789,7
002790,2
002791,7
002792,3
002793,9
002795,9
002796,7
002797,8
002798,9
002799,3
002800,7
002801,2
002802,3
002803,3
002805,9
002806,7
002807,8
002808,3
002809,7
002810,9
002811,7
002812,9
002813,1
002815,9
002816,1
002817,3
002818,3
002819,7
002820,2
002821,3
002822,8
002823,9
002824,7
002825,3
002826,3
002827,7
002828,7
002829,7
002830,8
002831,9
002832,3
002833,3
002835,3
002836,1
002837,1
002838,7
002839,8
002840,9
002841,3
002842,9
002843,7
002845,7
002846,9
002847,1
002848,1
002849,7
002850,3
002851,7
002852,9
002853,7
002855,1
002856,7
002857,6
002858,3
002859,9
002860,7
002861,9
002862,9
002863,9
002864,2
002865,9
002866,9
002867,3
002868,9
002869,2
002870,9
002871,2
002872,9
002873,9
002875,2
002876,9
002877,9
002878,7
002879,7
002880,3
002881,7
002882,7
002883,7
002884,3
002885,7
002886,9
002887,8
002888,3
002889,3
002890,3
002891,3
002892,3
002893,9
002895,9
002896,3
002897,7
002898,9
002899,9
002900,9
002901,3
002902,7
002903,3
002905,8
002906,7
002907,3
002908,7
002909,7
002910,9
002911,9
002912,2
002913,9
002915,9
002916,3
002917,7
002918,9
002919,1
002920,7
002921,9
002922,7
002923,9
002925,3
002926,8
002927,7
002928,9
002929,7
002930,9
002931,3
002932,8
002933,3
002935,7
002936,8
002937,3
002938,3
002939,8
002940,3
002941,8
002942,3
002943,9
002945,6
002946,9
002947,2
002948,8
002949,3
002950,9
002951,3
002952,1
002953,7
002955,2
002956,3
002957,7
002958,8
002959,3
002960,7
002961,8
002962,2
002963,7
002965,7
002966,8
002967,9
002968,7
002969,9
002970,2
002971,9
002972,7
002973,7
002975,7
002976,7
002977,2
002978,2
002979,7
002980,3
002981,3
002982,9
002983,7
002984,3
002985,7
002986,9
002987,7
002988,7
002989,3
002990,7
002991,3
002992,1
002993,3
002995,2
002996,8
002997,3
002998,9
002999,8
003000,3
003001,7
003002,3
003003,9
003004,7
003005,3
003006,1
003007,3
003008,3
003009,2
003010,2
003011,9
003012,3
003013,3
003015,3
003016,9
003017,9
003018,3
003019,3
003020,3
003021,3
003022,9
003023,3
003025,3
003026,9
003027,3
003028,2
003029,3
003030,9
003031,2
003032,2
003033,9
003035,9
003036,7
003037,7
003038,9
003039,0
003040,7
003041,9
003042,9
003043,3
003816,9
200468,7
200512,8
200706,7
200771,8
200992,9
300001,7
300002,3
300003,9
300004,3
300005,3
300006,2
300007,9
300008,3
300009,3
300010,1
300011,7
300012,3
300014,9
300015,1
300016,9
300017,3
300018,3
300019,7
300020,8
300021,7
300022,7
300024,7
300025,1
300026,7
300027,8
300029,7
300030,9
300031,3
300032,7
300033,1
300034,7
300035,9
300036,3
300037,3
300039,3
300040,9
300041,7
300042,2
300043,9
300044,7
300045,1
300046,2
300047,7
300048,7
300049,1
300050,1
300051,9
300052,1
300053,1
300054,3
300055,9
300056,1
300057,9
300058,7
300059,2
300061,1
300062,7
300063,7
300065,3
300066,7
300067,9
300068,9
300069,1
300070,0
300071,7
300072,9
300073,2
300074,7
300075,7
300076,3
300077,9
300078,7
300079,6
300080,9
300081,3
300082,9
300083,7
300084,7
300085,1
300086,9
300087,8
300088,9
300091,8
300092,3
300094,9
300095,7
300096,7
300097,3
300098,7
300099,3
300100,3
300101,7
300102,9
300103,7
300105,7
300106,7
300107,3
300109,3
300110,9
300111,2
300112,3
300113,2
300114,1
300115,9
300118,9
300119,9
300120,9
300121,9
300122,7
300123,7
300124,1
300126,3
300127,2
300128,7
300129,7
300130,2
300131,7
300132,7
300133,3
300134,9
300135,9
300136,3
300137,7
300138,9
300139,2
300140,0
300141,7
300142,3
300143,3
300144,2
300145,7
300146,3
300147,9
300148,3
300149,3
300150,7
300151,1
300152,1
300153,2
300154,3
300155,2
300157,7
300158,3
300160,3
300161,7
300162,7
300163,3
300164,7
300165,8
300166,0
300167,7
300168,8
300169,1
300170,3
300171,8
300172,3
300173,8
300174,3
300175,1
300176,9
300177,7
300179,3
300180,9
300181,3
300182,3
300183,3
300184,7
300185,9
300187,0
300188,7
300189,3
300190,0
300191,8
300192,2
300193,2
300194,3
300195,9
300196,9
300197,8
300198,8
300199,9
300200,3
300201,7
300203,8
300204,3
300205,7
300206,2
300207,8
300210,1
300211,2
300212,7
300213,7
300214,9
300215,9
300217,7
300218,3
300219,7
300220,1
300221,7
300222,7
300223,2
300224,7
300225,7
300226,8
300227,7
300228,3
300229,1
300230,3
300231,7
300232,7
300233,9
300234,3
300235,3
300236,3
300237,8
300238,1
300239,9
300240,7
300241,3
300242,1
300243,9
300244,7
300245,3
300246,9
300247,3
300248,7
300249,7
300250,1
300251,3
300252,7
300253,3
300254,9
300255,9
300256,1
300257,9
300258,9
300259,3
300260,7
300261,9
300263,7
300264,1
300265,7
300266,8
300267,9
300269,1
300270,7
300271,2
300272,2
300274,7
300275,7
300276,8
300277,1
300278,3
300279,7
300280,7
300281,3
300283,9
300284,7
300285,3
300286,3
300287,7
300288,3
300289,3
300290,1
300291,3
300292,3
300293,1
300294,2
300295,2
300296,7
300298,3
300299,1
300300,8
300301,9
300302,1
300303,7
300304,2
300305,9
300306,3
300307,3
300308,1
300310,7
300311,7
300313,1
300314,3
300315,3
300316,3
300317,9
300318,9
300319,3
300320,7
300321,2
300322,7
300323,9
300324,7
300326,3
300327,1
300328,9
300329,9
300331,9
300332,9
300333,1
300334,3
300335,3
300337,9
300339,1
300340,7
300341,2
300342,7
300343,3
300344,1
300345,9
300346,1
300347,3
300348,7
300349,7
300350,3
300351,7
300352,6
300353,7
300354,1
300355,8
300357,1
300358,8
300359,1
300360,3
300363,9
300364,1
300365,7
300366,7
300368,7
300369,7
300370,7
300371,3
300373,3
300374,7
300375,7
300376,7
300377,7
300378,3
300379,2
300380,1
300381,6
300382,9
300383,9
300384,3
300385,7
300386,3
300387,3
300388,0
300389,7
300390,3
300391,7
300393,9
300394,1
300395,1
300396,3
300397,3
300398,9
300399,1
300400,1
300401,9
300402,2
300403,3
300404,3
300405,7
300406,3
300407,7
300408,3
300409,9
300410,7
300411,7
300412,8
300413,3
300414,2
300415,3
300416,7
300417,3
300418,3
300419,1
300420,7
300421,9
300422,0
300423,7
300424,7
300425,7
300426,1
300427,7
300428,9
300429,9
300430,7
300432,7
300433,9
300434,3
300435,3
300436,9
300437,0
300438,9
300439,3
300440,7
300441,3
300442,9
300443,3
300444,7
300445,3
300446,3
300447,7
300448,3
300449,1
300450,7
300451,7
300452,3
300453,3
300454,3
300455,1
300456,9
300457,7
300458,1
300459,1
300460,9
300461,7
300462,7
300463,3
300464,7
300465,1
300466,7
300467,2
300468,2
300469,1
300470,3
300471,3
300472,7
300473,7
300474,1
300475,7
300476,9
300477,9
300478,1
300479,1
300480,2
300481,3
300482,3
300483,0
300484,1
300485,3
300486,9
300487,1
300488,9
300489,9
300490,7
300491,7
300492,1
300493,7
300494,2
300496,2
300497,9
300498,9
300499,3
300500,7
300501,9
300502,1
300503,7
300504,3
300505,9
300506,7
300507,3
300508,3
300509,8
300510,7
300511,9
300512,7
300513,8
300514,2
300515,3
300516,1
300517,7
300518,0
300519,2
300520,7
300521,3
300522,1
300523,7
300525,7
300527,2
300528,8
300529,1
300530,9
300531,3
300532,7
300533,8
300534,3
300535,9
300536,7
300537,1
300538,7
300539,7
300540,3
300541,7
300542,7
300543,3
300545,3
300546,2
300547,3
300548,2
300549,3
300550,2
300551,1
300552,7
300553,3
300554,9
300555,7
300556,7
300557,2
300558,3
300559,2
300560,7
300561,1
300562,3
300563,1
300564,2
300565,9
300566,7
300567,9
300568,9
300569,9
300570,1
300571,7
300572,2
300573,1
300575,9
300576,1
300577,9
300578,2
300579,1
300580,3
300581,1
300582,7
300583,9
300584,3
300585,1
300586,9
300587,7
300588,7
300589,7
300590,3
300591,7
300592,3
300593,7
300594,7
300595,3
300596,9
300597,7
300598,1
300599,3
300600,7
300601,3
300602,7
300603,7
300604,1
300605,7
300606,3
300607,7
300608,9
300609,3
300610,3
300611,9
300612,1
300613,2
300614,9
300615,1
300616,9
300617,7
300618,9
300619,9
300620,1
300621,8
300622,3
300623,9
300624,1
300625,3
300626,7
300627,1
300628,3
300629,7
300630,9
300631,7
300632,3
300633,1
300634,3
300635,8
300636,9
300637,9
300638,7
300639,7
300640,3
300641,6
300642,3
300643,3
300644,7
300645,7
300647,9
300648,9
300649,7
300650,3
300651,3
300652,3
300653,1
300654,1
300655,6
300656,9
300657,7
300658,9
300659,7
300660,7
300661,1
300662,7
300663,7
300664,8
300665,9
300666,3
300667,3
300668,7
300669,3
300670,9
300671,1
300672,3
300673,9
300674,2
300675,7
300676,3
300677,9
300678,1
300679,3
300680,9
300681,8
300682,3
300683,3
300684,3
300685,1
300686,7
300687,7
300688,1
300689,3
300690,3
300691,3
300692,0
300693,7
300694,9
300695,2
300696,2
300697,7
300698,1
300699,1
300700,9
300701,3
300702,9
300703,7
300705,3
300706,9
300707,2
300708,3
300709,3
300710,7
300711,1
300712,7
300713,9
300715,7
300716,9
300717,3
300718,3
300719,7
300720,1
300721,9
300722,1
300723,9
300724,8
300725,9
300726,7
300727,7
300729,9
300730,1
300731,7
300732,7
300733,9
300735,3
300736,1
300737,7
300738,9
300739,9
300740,9
300741,3
300743,3
300745,8
300746,7
300747,7
300748,3
300749,9
300750,8
300751,8
300752,3
300753,3
300755,3
300756,2
300757,1
300758,9
300759,9
300760,1
300761,9
300762,1
300763,9
300765,1
300766,3
300767,7
300768,2
300769,9
300770,2
300771,3
300772,8
300773,3
300774,3
300775,7
300776,3
300777,3
300778,2
300779,9
300780,9
300781,1
300782,1
300783,3
300784,2
300785,3
300786,9
300787,9
300788,3
300789,7
300790,9
300791,9
300792,2
300793,9
300795,2
300797,3
300798,9
300800,3
300801,3
300802,2
300803,2
300804,9
300805,2
300806,9
300807,7
300808,9
300809,3
300810,7
300811,1
300812,7
300813,3
300814,9
300815,7
300816,9
300817,3
300818,9
300819,2
300820,3
300821,3
300822,2
300823,3
300824,2
300825,0
300826,7
300827,7
300828,3
300829,9
300830,7
300831,2
300832,1
300833,2
300834,9
300835,9
300836,7
300837,3
300838,7
300839,9
300840,3
300841,3
300842,7
300843,7
300844,7
300845,3
300846,9
300847,2
300848,9
300849,3
300850,9
300851,3
300852,3
300853,9
300854,8
300855,1
300856,3
300857,1
300858,3
300859,1
300860,3
300861,3
300862,3
300863,7
300864,3
300865,3
300866,3
300867,0
300868,3
300869,9
300870,7
300871,9
300872,7
300873,2
300875,3
300876,9
300877,9
300878,9
300879,9
300880,2
300881,7
300882,3
300883,9
300884,7
300885,2
300886,3
300887,7
300888,3
300889,7
300890,9
300891,9
300892,3
300893,7
300894,3
300895,1
300896,1
300897,7
300898,3
300899,2
300900,9
300901,3
300902,3
300903,9
300904,7
300905,3
300906,2
300907,7
300908,2
300909,3
300910,3
300911,2
300912,9
300913,1
300915,3
300916,2
300917,1
300918,9
300919,9
300920,2
300921,3
300922,2
300923,7
300925,7
300926,7
300927,3
300928,7
300929,0
300930,3
300931,7
300932,7
300933,7
300935,2
300936,3
300937,7
300938,3
300939,3
300940,3
300941,3
300942,3
300943,2
300945,2
300946,3
300947,8
300948,7
300949,7
300950,3
300951,2
300952,9
300953,9
300955,9
300956,9
300957,1
300958,7
300959,7
300960,2
300961,0
300962,1
300963,7
300964,3
300965,3
300966,9
300967,9
300968,2
300969,3
300970,9
300971,2
300972,2
300973,9
300975,7
300976,3
300977,3
300978,3
300979,1
300980,9
300981,9
300982,7
300983,3
300984,9
300985,9
300986,9
300987,2
300988,7
300989,7
300990,3
300991,9
300992,9
300993,2
300994,2
300995,3
300996,7
300997,3
300998,7
300999,9
301000,3
301001,2
301002,9
301003,2
301004,1
301005,1
301006,2
301007,3
301008,7
301009,2
301010,7
301011,3
301012,7
301013,7
301015,7
301016,3
301017,8
301018,7
301019,3
301020,3
301021,3
301022,7
301023,3
301024,7
301025,1
301026,9
301027,7
301028,3
301029,2
301030,7
301031,7
301032,7
301033,1
301035,7
301036,3
301037,7
301038,3
301039,3
301040,9
301041,3
301042,2
301043,9
301045,2
301046,7
301047,3
301048,7
301049,9
301050,3
301051,9
301052,2
301053,3
301055,3
301056,2
301057,9
301058,2
301059,3
301060,7
301061,2
301062,9
301063,7
301065,2
301066,3
301067,3
301068,7
301069,3
301070,3
301071,9
301072,3
301073,8
301075,9
301076,3
301077,2
301078,8
301079,7
301080,3
301081,9
301082,7
301083,3
301085,7
301086,3
301087,3
301088,3
301089,3
301090,8
301091,7
301092,3
301093,3
301095,2
301096,9
301097,9
301098,7
301099,7
301100,3
301101,3
301102,2
301103,2
301105,3
301106,2
301107,3
301108,3
301109,0
301110,2
301111,3
301112,3
301113,3
301115,7
301116,9
301117,2
301118,9
301119,2
301120,3
301121,9
301122,3
301123,6
301125,6
301126,7
301127,0
301128,7
301129,7
301130,3
301131,9
301132,2
301133,7
301135,7
301136,2
301137,7
301138,2
301139,7
301141,2
301148,7
301149,3
301150,7
301151,3
301152,9
301153,2
301155,3
301156,2
301157,3
301158,7
301159,2
301160,3
301161,7
301162,2
301163,3
301165,8
301166,3
301167,7
301168,7
301169,2
301170,3
301171,2
301172,2
301175,0
301176,7
301177,3
301178,7
301179,3
301180,3
301181,3
301182,8
301183,7
301185,2
301186,2
301187,2
301188,3
301189,3
301190,3
301191,2
301192,3
301193,9
301195,3
301196,3
301197,7
301198,9
301199,3
301200,7
301201,3
301202,3
301203,2
301205,1
301206,3
301207,3
301208,2
301209,2
301210,3
301211,2
301212,3
301213,2
301215,9
301216,9
301217,9
301218,2
301219,2
301220,9
301221,3
301222,2
301223,3
301225,3
301226,3
301227,9
301228,7
301229,9
301230,3
301231,2
301232,7
301233,3
301234,3
301235,7
301236,7
301237,9
301238,3
301239,9
301246,3
301248,7
301251,2
301252,7
301255,3
301256,9
301257,2
301258,3
301259,7
301260,8
301261,9
301262,2
301263,3
301265,2
301266,7
301267,3
301268,9
301269,1
301270,3
301272,3
301273,7
301276,3
301277,3
301278,7
301279,3
301280,7
301281,3
301282,7
301283,7
301285,9
301286,3
301287,2
301288,3
301289,2
301290,3
301291,7
301292,9
301293,3
301295,2
301296,3
301297,3
301298,3
301299,3
301300,2
301301,9
301302,7
301303,7
301305,0
301306,7
301307,9
301308,9
301309,3
301310,7
301311,8
301312,3
301313,7
301314,3
301315,3
301316,7
301317,7
301318,2
301319,7
301320,3
301321,9
301322,3
301323,3
301325,7
301326,3
301327,3
301328,2
301329,2
301330,3
301331,3
301332,3
301333,2
301335,9
301336,3
301337,2
301338,2
301339,8
301345,2
301348,2
301349,9
301353,2
301355,9
301356,2
301357,2
301358,9
301359,2
301360,2
301361,3
301362,2
301363,2
301365,2
301366,3
301367,3
301368,3
301369,2
301370,7
301371,2
301372,7
301373,3
301376,8
301377,3
301378,3
301379,3
301380,7
301381,3
301382,0
301383,3
301386,3
301387,7
301388,3
301389,2
301390,7
301391,7
301392,3
301393,3
301395,3
301396,7
301397,3
301398,3
301399,2
301408,8
301413,9
301418,3
301419,2
301421,3
301428,3
301429,3
301439,7
301446,3
301448,2
301456,2
301459,2
301468,3
301469,9
301486,3
301487,7
301488,2
301489,3
301498,3
301499,3
301500,9
301502,3
301503,7
301505,7
301507,2
301508,3
301509,2
301510,1
301511,9
301512,2
301515,7
301516,3
301517,7
301518,3
301519,8
301520,3
301525,2
301526,9
301528,3
301529,7
301533,2
301536,3
301538,3
301539,3
301548,2
301550,2
301551,2
301552,3
301555,7
301558,2
301559,2
301565,3
301566,2
301567,3
301568,2
301571,7
301577,3
301578,3
301580,2
301586,2
301587,3
301588,9
301589,3
301591,2
301596,3
301600,2
301603,3
301606,2
301607,7
301608,3
301611,2
301618,1
430017,3
430047,1
430090,1
430139,3
430198,7
430300,9
430418,3
430425,2
430476,3
430478,3
430489,9
430510,9
430556,7
430564,7
430685,2
430718,7
600000,8
600004,9
600006,7
600007,2
600008,0
600009,9
600010,6
600011,9
600012,0
600015,8
600016,8
600017,9
600018,9
600019,9
600020,0
600021,9
600022,9
600023,9
600025,9
600026,9
600027,9
600028,4
600029,9
600030,8
600031,7
600032,9
600033,9
600035,0
600036,8
600037,2
600038,8
600039,8
600048,8
600050,8
600051,8
600052,3
600053,3
600054,3
600055,2
600056,7
600057,8
600058,7
600059,2
600060,7
600061,8
600062,3
600063,9
600064,8
600066,3
600067,8
600070,7
600071,1
600072,8
600073,8
600075,9
600076,0
600078,9
600079,7
600080,3
600081,8
600082,8
600083,9
600084,6
600085,2
600088,1
600089,9
600094,8
600095,2
600096,9
600097,9
600098,9
600099,7
600100,8
600101,3
600103,9
600104,8
600105,9
600106,9
600107,3
600108,0
600109,8
600110,9
600111,3
600113,3
600114,9
600115,9
600116,9
600117,9
600118,3
600119,1
600120,8
600121,9
600123,9
600125,9
600126,8
600127,9
600128,8
600129,9
600130,2
600131,7
600132,3
600133,8
600135,3
600136,1
600137,2
600138,9
600141,9
600143,9
600148,7
600149,3
600150,8
600151,9
600152,3
600153,8
600155,8
600156,9
600157,0
600158,2
600159,8
600160,3
600161,3
600162,8
600163,9
600166,8
600167,2
600168,9
600169,8
600170,8
600171,1
600172,9
600173,8
600176,9
600177,8
600178,6
600179,9
600180,7
600182,7
600183,3
600184,7
600185,8
600186,3
600187,0
600188,9
600189,9
600191,3
600192,7
600193,7
600195,9
600196,9
600197,3
600198,7
600199,3
600200,7
600201,3
600202,7
600203,7
600206,7
600207,9
600208,8
600210,8
600211,3
600212,7
600215,8
600216,3
600217,7
600218,7
600219,3
600221,9
600222,7
600223,2
600225,9
600226,3
600227,9
600228,2
600229,2
600230,9
600231,9
600232,7
600233,3
600234,7
600235,9
600236,9
600237,3
600238,1
600239,8
600241,3
600243,3
600246,3
600248,7
600249,2
600250,3
600251,9
600252,2
600255,9
600256,9
600257,9
600258,9
600259,9
600261,3
600262,8
600265,9
600266,8
600267,9
600268,7
600269,9
600271,2
600272,7
600273,3
600276,1
600278,8
600279,9
600280,9
600281,9
600282,9
600283,9
600284,8
600285,3
600287,8
600288,7
600289,2
600292,9
600293,9
600295,9
600298,9
600299,9
600300,3
600301,0
600302,7
600303,9
600305,3
600307,9
600308,9
600309,9
600310,9
600312,7
600313,3
600315,3
600316,7
600318,8
600319,9
600320,8
600322,8
600323,0
600325,8
600326,9
600327,8
600328,9
600329,3
600330,7
600331,1
600332,8
600333,9
600335,8
600336,7
600337,9
600338,3
600339,8
600340,8
600343,7
600345,3
600346,9
600348,9
600350,0
600351,3
600352,8
600353,7
600354,2
600355,1
600356,9
600358,1
600359,3
600360,9
600361,9
600362,8
600363,3
600365,7
600366,7
600367,3
600368,9
600369,8
600370,9
600371,2
600372,7
600373,8
600376,8
600377,0
600378,9
600379,7
600380,2
600381,3
600382,3
600383,8
600386,9
600387,8
600388,8
600389,3
600390,8
600391,7
600392,9
600395,9
600396,9
600397,9
600398,3
600399,9
600400,3
600403,9
600405,7
600406,7
600408,9
600409,9
600410,8
600415,3
600416,7
600418,8
600419,9
600420,3
600421,1
600422,7
600423,2
600425,9
600426,9
600428,9
600429,9
600433,9
600435,7
600436,1
600438,9
600439,9
600444,2
600446,2
600448,9
600449,9
600452,2
600455,3
600456,7
600458,7
600459,8
600460,9
600461,0
600463,7
600467,9
600468,7
600469,9
600470,9
600475,8
600476,7
600477,8
600478,9
600479,2
600480,7
600481,9
600482,8
600483,9
600486,3
600487,7
600488,9
600489,9
600490,9
600491,8
600493,9
600495,3
600496,8
600497,0
600498,7
600499,9
600500,9
600501,7
600502,8
600503,3
600505,9
600506,7
600507,8
600508,9
600509,9
600510,8
600511,7
600512,8
600513,9
600515,9
600516,2
600517,8
600518,3
600519,1
600520,1
600521,9
600522,7
600523,7
600525,8
600526,0
600527,3
600528,8
600529,3
600530,1
600531,9
600533,8
600535,3
600536,1
600537,9
600538,3
600539,3
600540,9
600543,3
600545,7
600546,9
600547,0
600548,0
600549,9
600550,7
600551,2
600552,9
600556,7
600557,3
600558,3
600559,3
600560,7
600561,9
600562,7
600563,1
600566,2
600567,9
600568,3
600569,8
600570,1
600571,1
600572,3
600573,3
600575,9
600576,0
600577,7
600578,9
600579,8
600580,7
600581,9
600582,7
600583,8
600584,9
600585,9
600586,9
600587,3
600588,7
600589,1
600590,8
600592,3
600593,9
600594,9
600595,9
600596,9
600597,9
600598,2
600599,2
600600,3
600601,3
600602,3
600603,9
600604,8
600605,2
600606,8
600608,1
600609,2
600610,1
600611,8
600612,2
600613,3
600615,3
600616,3
600617,9
600618,3
600619,8
600620,3
600621,8
600622,8
600623,8
600624,9
600626,9
600628,9
600629,8
600630,1
600633,3
600635,9
600636,2
600637,8
600638,8
600639,8
600640,3
600641,3
600642,9
600643,9
600644,9
600645,2
600648,8
600649,8
600650,2
600651,3
600653,9
600654,7
600655,8
600657,8
600658,8
600660,3
600661,1
600662,2
600663,8
600664,7
600665,8
600666,9
600667,8
600668,9
600671,9
600673,9
600674,9
600675,8
600676,2
600678,9
600679,3
600681,9
600682,8
600683,8
600684,7
600685,8
600686,8
600688,8
600689,3
600690,8
600691,9
600692,8
600693,8
600694,8
600696,8
600697,9
600698,6
600699,8
600702,3
600703,9
600704,8
600705,8
600706,9
600707,9
600708,8
600710,8
600711,9
600712,9
600713,7
600714,2
600716,8
600717,9
600718,8
600719,9
600720,7
600721,3
600722,2
600724,3
600725,1
600726,9
600727,9
600728,7
600729,8
600730,2
600731,3
600732,9
600733,7
600734,1
600735,2
600736,8
600737,3
600738,3
600739,8
600740,9
600741,8
600742,8
600743,8
600744,9
600745,8
600746,3
600748,8
600749,0
600750,3
600751,2
600753,1
600754,8
600755,8
600756,7
600757,3
600758,9
600759,8
600760,7
600761,3
600763,1
600764,7
600765,7
600768,3
600769,1
600770,9
600771,1
600773,8
600774,9
600775,7
600776,3
600777,8
600778,9
600779,3
600780,3
600782,8
600783,9
600784,9
600785,9
600787,8
600789,9
600790,8
600791,8
600792,7
600793,9
600794,3
600795,9
600796,0
600797,7
600798,0
600800,9
600801,9
600802,9
600803,9
600804,9
600805,9
600807,7
600808,9
600809,1
600810,8
600811,8
600812,9
600814,8
600815,3
600816,3
600817,7
600818,1
600819,9
600820,8
600821,9
600822,2
600824,2
600825,2
600826,3
600827,8
600828,9
600829,7
600830,9
600831,9
600833,3
600834,3
600835,8
600837,8
600838,2
600839,8
600841,8
600843,9
600844,9
600845,1
600846,8
600847,3
600848,8
600850,7
600851,3
600853,8
600854,2
600855,7
600857,2
600858,8
600859,8
600860,9
600861,2
600862,7
600863,9
600864,8
600865,3
600866,9
600867,3
600868,9
600869,7
600871,8
600872,3
600873,9
600874,0
600875,8
600876,9
600877,1
600879,8
600880,3
600881,8
600882,9
600883,3
600884,9
600885,7
600886,9
600887,9
600888,9
600889,9
600892,1
600893,7
600894,2
600895,8
600897,3
600900,9
600901,8
600903,9
600905,9
600906,8
600908,8
600909,8
600916,2
600917,9
600918,8
600919,8
600925,9
600926,8
600927,8
600928,8
600929,3
600933,9
600935,9
600936,9
600938,8
600939,8
600941,8
600955,9
600956,9
600958,8
600959,9
600960,9
600961,9
600962,9
600963,9
600965,3
600966,9
600967,8
600968,3
600969,9
600970,8
600971,9
600973,7
600975,9
600976,3
600977,2
600979,9
600980,3
600981,8
600982,9
600983,2
600984,9
600985,9
600986,7
600987,2
600988,0
600989,9
600990,7
600992,7
600993,2
600995,9
600996,9
600997,9
600998,7
600999,8
601000,3
601001,2
601002,3
601003,9
601005,9
601006,9
601007,9
601008,9
601009,8
601010,9
601011,8
601012,8
601015,9
601016,9
601018,9
601019,2
601020,0
601021,9
601022,9
601028,7
601033,9
601038,3
601058,3
601059,8
601061,8
601065,3
601066,8
601068,7
601069,0
601077,8
601083,2
601086,2
601088,3
601089,3
601096,7
601098,2
601099,2
601100,1
601101,0
601106,8
601107,0
601108,8
601111,9
601113,9
601116,3
601117,8
601118,8
601121,0
601126,2
601127,8
601128,8
601133,8
601136,8
601137,9
601138,7
601139,9
601155,8
601156,2
601158,9
601162,8
601163,3
601166,8
601168,9
601169,8
601177,9
601179,7
601186,8
601187,8
601188,3
601198,8
601199,9
601200,0
601208,9
601211,8
601212,9
601216,9
601218,9
601222,9
601225,3
601226,7
601228,9
601229,8
601231,7
601233,9
601236,8
601238,8
601279,9
601288,4
601298,9
601311,9
601318,4
601319,8
601326,9
601328,8
601330,0
601333,9
601336,8
601339,9
601360,3
601366,9
601368,9
601369,8
601375,8
601377,8
601388,9
601390,8
601398,4
601399,8
601456,8
601500,9
601512,8
601515,9
601518,3
601519,1
601528,8
601555,8
601566,3
601567,3
601568,2
601577,8
601579,3
601588,8
601595,1
601598,8
601599,7
601600,9
601601,8
601606,7
601607,7
601608,7
601609,9
601611,8
601615,8
601616,3
601618,8
601619,9
601628,8
601633,8
601636,9
601658,4
601665,8
601666,9
601668,4
601669,8
601677,3
601678,9
601686,8
601688,8
601689,3
601696,2
601698,3
601699,0
601700,8
601702,3
601718,8
601727,8
601728,9
601766,8
601777,8
601778,9
601788,8
601789,8
601798,7
601799,7
601800,8
601801,8
601808,9
601811,2
601816,9
601818,8
601825,8
601827,0
601828,8
601838,8
601857,4
601858,3
601860,8
601865,9
601866,9
601868,8
601869,9
601872,9
601877,8
601878,8
601880,9
601881,8
601882,3
601886,7
601888,2
601890,2
601898,9
601899,9
601900,8
601901,8
601908,9
601916,8
601918,9
601919,2
601921,8
601928,3
601929,9
601933,8
601939,4
601949,8
601952,9
601956,7
601958,3
601963,8
601965,3
601966,9
601968,9
601969,3
601975,2
601985,9
601988,4
601989,8
601990,8
601991,9
601992,8
601995,8
601996,9
601997,8
601998,8
601999,7
603000,1
603001,8
603002,2
603003,9
603004,2
603005,2
603006,3
603007,8
603008,9
603009,9
603010,9
603011,7
603012,7
603013,2
603015,9
603016,3
603017,7
603018,7
603019,3
603020,3
603021,9
603022,3
603023,2
603025,1
603026,9
603027,2
603028,9
603029,8
603030,7
603031,3
603032,3
603033,9
603035,7
603036,3
603037,3
603038,9
603039,3
603040,3
603041,3
603042,7
603043,3
603045,9
603048,3
603051,7
603052,2
603053,3
603055,9
603056,7
603057,3
603058,3
603059,9
603060,9
603061,2
603062,7
603063,7
603065,9
603066,7
603067,9
603068,2
603069,9
603070,7
603071,8
603073,3
603075,3
603076,8
603077,9
603078,9
603079,3
603080,3
603081,8
603082,8
603083,7
603085,7
603086,8
603087,3
603088,3
603089,9
603090,3
603091,3
603093,8
603095,2
603096,3
603097,7
603098,7
603099,1
603100,2
603101,9
603102,2
603103,9
603105,9
603106,2
603107,2
603108,7
603109,3
603110,3
603111,7
603112,9
603113,9
603115,3
603116,2
603117,9
603118,7
603121,9
603122,7
603123,9
603125,2
603126,7
603127,3
603128,7
603129,2
603130,9
603131,3
603132,9
603135,3
603136,9
603137,8
603138,1
603139,9
603150,7
603151,7
603153,7
603155,3
603156,3
603158,7
603159,3
603160,1
603161,9
603162,9
603163,2
603165,9
603166,9
603167,9
603168,3
603169,8
603170,3
603171,2
603172,2
603173,8
603176,8
603177,9
603178,3
603179,7
603180,9
603181,3
603182,3
603183,7
603185,8
603186,9
603187,3
603188,9
603189,2
603190,7
603191,7
603192,3
603193,3
603195,1
603196,3
603197,9
603198,1
603199,3
603200,3
603201,7
603203,3
603206,7
603207,2
603208,7
603209,9
603211,9
603212,7
603213,9
603214,8
603215,7
603216,3
603217,2
603218,3
603219,7
603220,7
603221,9
603222,9
603223,2
603225,9
603226,9
603227,3
603228,3
603229,2
603230,3
603231,3
603232,3
603235,2
603236,7
603237,3
603238,3
603239,3
603255,9
603256,9
603258,2
603259,3
603260,9
603261,7
603266,7
603267,7
603268,1
603269,8
603270,3
603272,3
603273,2
603275,2
603276,3
603277,2
603278,9
603279,3
603280,8
603281,3
603282,8
603283,7
603285,3
603286,9
603288,1
603289,9
603291,0
603296,7
603297,1
603298,3
603299,2
603300,9
603301,9
603303,2
603305,9
603306,3
603307,2
603308,9
603309,3
603310,2
603311,3
603312,7
603313,9
603315,7
603316,8
603317,3
603318,9
603319,9
603320,3
603321,2
603322,7
603323,8
603324,7
603325,8
603326,9
603327,1
603328,3
603329,9
603330,9
603331,9
603332,3
603333,7
603335,9
603336,7
603337,3
603338,2
603339,3
603341,7
603344,2
603345,3
603348,9
603350,2
603351,9
603353,3
603355,2
603356,9
603357,7
603358,3
603359,8
603360,1
603365,3
603366,8
603367,3
603368,7
603369,2
603373,2
603375,7
603377,9
603378,7
603379,2
603380,3
603381,7
603383,1
603385,8
603386,9
603387,3
603388,7
603389,1
603390,3
603391,3
603392,1
603393,8
603396,8
603398,8
603399,3
603408,3
603416,3
603421,7
603429,2
603439,3
603444,2
603456,3
603458,7
603466,7
603477,9
603486,2
603488,3
603489,2
603496,1
603499,1
603500,3
603501,1
603505,9
603506,7
603507,9
603508,3
603511,3
603515,3
603516,1
603517,3
603518,0
603519,2
603520,9
603527,7
603528,3
603529,3
603530,1
603533,2
603535,9
603536,9
603538,9
603551,2
603556,3
603557,5
603558,9
603559,7
603565,9
603566,3
603567,7
603568,0
603569,9
603577,7
603578,9
603579,9
603580,6
603583,2
603585,9
603586,3
603587,2
603588,0
603589,3
603590,0
603595,9
603596,7
603598,7
603599,2
603600,3
603601,9
603602,7
603605,1
603606,1
603607,3
603608,9
603609,9
603610,9
603611,8
603612,9
603613,3
603615,6
603616,7
603617,3
603618,7
603619,9
603626,9
603628,7
603629,8
603630,2
603633,9
603636,7
603637,2
603638,3
603639,9
603648,3
603650,9
603655,3
603656,3
603657,7
603658,3
603659,8
603660,7
603661,8
603662,3
603663,1
603665,9
603666,7
603667,9
603668,9
603669,1
603676,3
603677,7
603678,9
603679,7
603680,7
603681,9
603682,8
603683,9
603685,9
603686,7
603687,2
603688,3
603689,9
603690,9
603693,9
603696,2
603697,3
603698,3
603699,3
603700,7
603701,1
603703,1
603706,3
603707,3
603708,8
603709,9
603711,2
603712,7
603713,7
603716,7
603717,8
603718,3
603719,3
603721,1
603722,1
603725,9
603726,7
603727,3
603728,1
603729,7
603730,3
603733,9
603737,7
603738,3
603739,9
603755,3
603757,3
603758,2
603759,0
603766,2
603767,3
603768,9
603773,9
603776,8
603777,3
603778,8
603779,1
603786,1
603787,8
603788,3
603789,7
603790,3
603797,0
603798,2
603799,9
603800,7
603801,3
603803,7
603806,3
603808,8
603809,9
603810,9
603811,9
603813,9
603815,7
603816,3
603817,0
603818,0
603819,7
603822,9
603823,3
603825,7
603826,1
603828,8
603829,7
603833,9
603836,7
603838,2
603839,8
603843,8
603848,0
603855,7
603856,7
603858,9
603859,0
603860,3
603861,8
603863,1
603866,9
603867,9
603868,1
603869,8
603871,3
603876,8
603877,8
603878,3
603879,7
603880,9
603881,9
603882,7
603883,8
603885,9
603886,3
603887,8
603888,2
603889,9
603890,9
603893,1
603895,7
603896,3
603897,7
603898,9
603899,3
603900,8
603901,8
603903,7
603906,9
603908,3
603909,7
603912,3
603915,3
603916,7
603917,3
603918,2
603919,3
603920,3
603922,2
603926,3
603927,2
603928,7
603929,2
603931,3
603933,7
603936,9
603937,9
603938,3
603939,8
603948,2
603949,3
603950,9
603955,8
603956,7
603958,6
603959,8
603960,1
603963,2
603966,7
603967,7
603968,9
603969,7
603970,7
603976,9
603977,9
603978,9
603979,3
603980,3
603982,9
603983,2
603985,9
603986,2
603987,9
603988,1
603989,7
603990,9
603991,1
603992,3
603993,9
603995,9
603997,7
603998,3
603999,3
605001,9
605003,3
605005,3
605006,9
605007,9
605009,2
605011,9
605016,3
605018,3
605020,9
605028,3
605033,3
605050,7
605055,9
605056,7
605058,3
605060,3
605066,7
605068,9
605069,8
605077,9
605080,3
605081,7
605086,3
605088,7
605089,3
605090,9
605098,2
605099,3
605100,3
605108,9
605111,2
605116,3
605117,1
605118,1
605122,7
605123,7
605128,7
605133,9
605136,2
605138,9
605151,7
605155,2
605158,8
605162,9
605166,8
605167,3
605168,7
605169,9
605177,9
605178,7
605179,9
605180,2
605183,3
605186,7
605188,9
605189,9
605196,7
605198,3
605199,9
605208,9
605218,7
605222,7
605228,7
605255,3
605258,3
605259,2
605266,8
605268,7
605277,7
605286,7
605287,7
605288,3
605289,7
605296,9
605298,7
605299,3
605300,3
605303,7
605305,3
605318,3
605319,9
605333,7
605336,3
605337,3
605338,2
605339,2
605358,9
605365,7
605366,9
605368,9
605369,3
605376,1
605377,2
605378,3
605388,3
605389,3
605398,2
605399,3
605488,9
605499,1
605500,9
605507,3
605555,3
605566,9
605567,9
605577,2
605580,9
605588,9
605589,9
605598,3
605599,3
688001,7
688002,3
688003,3
688004,3
688005,9
688006,2
688007,3
688008,1
688009,8
688010,9
688011,3
688012,1
688013,3
688015,7
688016,2
688017,1
688018,1
688019,1
688020,9
688021,9
688022,8
688023,7
688025,3
688026,9
688027,1
688028,3
688029,2
688030,7
688031,7
688032,2
688033,9
688035,3
688036,1
688037,1
688038,7
688039,3
688041,1
688045,3
688046,3
688047,1
688048,3
688049,3
688050,1
688051,7
688052,3
688053,3
688055,9
688056,2
688057,7
688058,7
688059,9
688060,3
688061,3
688062,9
688063,3
688065,3
688066,7
688067,3
688068,3
688069,7
688070,1
688071,9
688072,3
688073,2
688075,3
688076,1
688077,9
688078,7
688079,9
688080,2
688081,7
688082,3
688083,1
688084,2
688085,3
688087,9
688088,1
688089,3
688090,1
688091,1
688092,2
688093,3
688095,2
688096,7
688097,7
688098,3
688099,1
688100,1
688101,0
688102,9
688103,7
688105,3
688106,9
688107,1
688108,1
688109,3
688110,2
688111,1
688112,2
688113,3
688114,2
688115,2
688116,9
688117,3
688118,7
688119,7
688120,3
688121,7
688122,7
688123,1
688125,2
688126,9
688127,1
688128,7
688129,9
688130,2
688131,3
688132,3
688133,8
688135,9
688136,9
688137,2
688138,9
688139,3
688141,2
688143,3
688146,2
688147,8
688148,9
688150,3
688151,3
688152,7
688153,2
688155,3
688156,9
688157,1
688158,3
688159,7
688160,1
688161,2
688162,8
688163,3
688165,7
688166,1
688167,9
688168,7
688169,3
688170,3
688171,2
688172,3
688173,2
688175,3
688176,3
688177,1
688178,0
688179,2
688180,9
688181,3
688182,3
688183,1
688184,9
688185,9
688186,9
688187,7
688188,1
688189,7
688190,3
688191,7
688192,0
688193,2
688195,3
688196,9
688197,3
688198,1
688199,9
688200,1
688201,7
688202,7
688203,3
688205,2
688206,2
688207,2
688208,3
688209,3
688210,9
688211,8
688212,1
688213,6
688215,7
688216,9
688217,3
688218,3
688219,7
688220,2
688221,9
688222,3
688223,9
688225,7
688226,7
688227,7
688228,7
688229,2
688230,3
688231,7
688232,3
688233,2
688234,3
688236,2
688237,3
688238,9
688239,7
688244,7
688246,7
688247,3
688248,2
688249,9
688251,7
688252,3
688253,2
688255,3
688256,1
688257,7
688258,3
688259,3
688260,9
688261,2
688262,3
688265,3
688266,1
688267,3
688268,3
688269,9
688270,2
688271,1
688272,7
688273,2
688275,9
688276,3
688277,9
688278,1
688279,3
688280,9
688281,3
688282,2
688283,3
688285,7
688286,3
688287,3
688288,7
688289,2
688290,3
688291,3
688292,3
688293,2
688295,9
688296,7
688297,2
688298,3
688299,9
688300,1
688301,3
688302,2
688303,9
688305,3
688306,8
688307,3
688308,9
688309,3
688310,3
688311,7
688312,3
688313,1
688314,2
688315,3
688316,9
688317,2
688318,1
688319,7
688320,7
688321,9
688322,3
688323,9
688325,2
688326,7
688327,1
688328,7
688329,7
688330,3
688331,9
688332,3
688333,3
688334,3
688335,3
688336,3
688337,3
688338,2
688339,7
688343,3
688345,7
688347,6
688348,3
688349,8
688350,9
688351,6
688352,3
688353,9
688355,3
688356,3
688357,9
688358,2
688359,7
688360,7
688361,1
688362,9
688363,3
688365,3
688366,3
688367,7
688368,3
688369,2
688370,9
688371,3
688372,9
688373,8
688375,2
688376,7
688377,3
688378,3
688380,3
688381,3
688382,2
688383,7
688385,3
688386,3
688387,7
688388,9
688389,2
688390,3
688391,3
688392,2
688393,3
688395,3
688396,2
688398,9
688399,2
688400,3
688401,9
688403,9
688408,3
688409,9
688410,2
688416,2
688418,7
688419,2
688420,2
688425,7
688426,9
688428,2
688429,9
688432,3
688433,2
688435,2
688439,7
688443,2
688448,2
688450,7
688455,8
688456,7
688458,3
688459,2
688466,0
688468,3
688469,9
688472,9
688475,2
688478,3
688479,3
688480,7
688484,2
688485,6
688486,2
688488,9
688489,2
688496,9
688498,2
688499,8
688500,2
688501,7
688502,3
688503,7
688505,2
688506,2
688507,2
688508,3
688509,8
688510,3
688511,3
688512,2
688513,3
688515,2
688516,3
688517,7
688518,7
688519,7
688521,1
688522,2
688523,3
688525,9
688526,3
688528,7
688529,8
688530,9
688531,3
688533,7
688535,3
688536,2
688538,9
688539,3
688543,2
688548,9
688549,3
688550,3
688551,2
688552,3
688553,2
688556,7
688557,7
688558,3
688559,8
688560,2
688561,7
688562,2
688563,2
688565,8
688566,2
688567,9
688568,7
688569,2
688570,2
688571,2
688573,7
688575,1
688576,3
688577,3
688578,1
688579,3
688580,2
688581,2
688582,1
688584,9
688585,7
688586,2
688588,2
688589,2
688590,7
688591,2
688592,2
688593,2
688595,1
688596,7
688597,7
688598,9
688599,8
688600,7
688601,1
688602,3
688603,3
688606,2
688607,2
688608,2
688609,7
688610,2
688611,1
688612,7
688613,3
688615,2
688616,3
688617,1
688618,3
688619,7
688620,3
688621,2
688622,9
688623,2
688625,3
688626,3
688627,3
688628,3
688629,7
688630,1
688631,7
688633,3
688636,7
688638,8
688639,9
688646,8
688648,3
688651,2
688652,2
688653,3
688655,9
688656,3
688657,2
688658,3
688659,7
688660,8
688661,3
688662,3
688663,7
688665,3
688667,3
688668,3
688669,9
688670,3
688671,3
688676,7
688677,2
688678,9
688679,7
688680,7
688681,7
688682,3
688683,3
688685,1
688686,3
688687,3
688689,3
688690,1
688691,2
688692,2
688693,3
688695,2
688696,2
688697,7
688698,3
688699,3
688700,1
688701,7
688702,2
688707,9
688709,7
688710,2
688711,9
688716,2
688717,2
688718,3
688719,2
688720,3
688721,3
688722,3
688728,9
688733,9
688737,7
688739,2
688766,2
688767,2
688768,7
688772,9
688776,2
688777,3
688778,3
688779,9
688786,1
688787,1
688788,2
688789,1
688793,1
688798,3
688799,3
688800,7
688819,8
688981,9
689009,8
830779,2
830799,7
830809,9
830832,9
830839,3
830879,7
830896,9
830946,2
830964,7
830974,3
831010,9
831039,2
831087,2
831152,9
831167,7
831175,7
831195,9
831278,7
831304,2
831305,3
831370,7
831396,7
831445,9
831526,2
831627,7
831641,7
831689,7
831726,3
831768,7
831832,7
831834,3
831855,2
831856,7
831906,9
831961,0
832000,3
832023,9
832089,7
832110,3
832145,2
832149,7
832171,7
832175,8
832225,3
832278,2
832419,3
832469,7
832491,3
832522,8
832566,3
832651,3
832662,3
832735,3
832786,9
832802,3
832876,2
832885,7
832978,7
832982,1
833030,7
833075,3
833171,6
833230,3
833266,9
833284,7
833346,2
833394,3
833427,7
833429,2
833454,3
833455,3
833509,3
833523,2
833533,7
833575,8
833580,3
833751,2
833781,7
833819,9
833873,7
833914,7
833943,7
834014,7
834021,7
834033,3
834058,3
834062,7
834261,3
834407,3
834415,3
834475,7
834599,7
834639,7
834682,7
834765,2
834770,9
834950,3
835174,7
835179,3
835184,2
835185,9
835207,7
835237,3
835305,7
835368,7
835438,9
835508,2
835579,7
835640,7
835670,2
835857,7
835892,2
835985,8
836077,9
836149,7
836208,3
836221,3
836239,7
836247,3
836260,3
836263,7
836270,3
836395,3
836414,3
836419,3
836422,3
836433,9
836504,3
836547,3
836675,7
836699,7
836717,7
836720,3
836807,7
836826,9
836871,3
836892,2
836942,7
836957,7
836961,3
837006,7
837023,9
837046,7
837092,7
837174,9
837212,7
837242,2
837344,9
837403,2
837592,1
837663,3
837748,7
837821,3
838030,9
838163,9
838171,2
838227,2
838262,3
838275,3
838402,9
838670,3
838701,3
838810,8
838837,2
838924,7
838971,3
839167,7
839273,3
839371,3
839493,9
839680,7
839719,9
839725,3
839729,3
839790,2
839792,9
839946,7
870199,3
870204,9
870299,2
870357,3
870436,7
870508,7
870656,2
870726,2
870866,3
870976,2
871245,9
871263,2
871396,3
871478,7
871553,9
871634,7
871642,9
871694,3
871753,2
871857,7
871970,9
871981,9
872190,7
872351,7
872374,2
872392,9
872541,7
872808,1
872895,2
872925,3
872931,7
872953,7
873001,2
873122,1
873132,2
873152,7
873167,3
873169,2
873223,9
873305,3
873339,7
873527,2
873570,3
873576,1
873593,1
873665,2
873679,3
873690,3
873693,3
873703,3
873706,3
873726,3
873806,7
873833,9
900929,8
900939,2
900948,9
900957,9
920002,3
920008,7
920016,9
920099,2
920118,7
